hu_text,en_text_morph,morph_cost,time,hu_hyp_morph,morph_wer,morph_cer,morph_per
Hány nyár,hands,3.21,2.4534415660018567,Hands.,1.0,0.7777777777777778,1.3333333333333333
Szép zöld fű,subjects,3.415,11.838759429003403,Subjects,1.0,0.9166666666666666,1.7777777777777777
Vár a víz,victims,3.2671428571428573,2.5365679120004643,"Köszönöm, hogy megnézted!",1.0,2.4444444444444446,3.7142857142857144
Gyúl a Gyertya,girlfriends,3.383333333333333,3.0901301379999495,Göröfréns.,1.0,0.9285714285714286,1.7777777777777777
